SUBJECT	CHROM	POS	ID	REF	ALT	QUAL	FILTER	INFO	FORMAT	FAM001_ID001
hu00147A	12	21222816	rs4149056	C	T	.	.	PR	GT	0/1
hu002B3C	12	21222816	rs4149056	T	.	.	.	PR	GT	0/0
hu011C57	12	21222816	rs4149056	T	.	.	.	PR	GT	0/0
hu016B28	12	21222816	rs4149056	T	.	.	.	PR	GT	0/0
hu0199C8	12	21222816	rs4149056	T	.	.	.	PR	GT	0/0
hu019BBA	12	21222816	rs4149056	T	.	.	.	PR	GT	0/0
hu01FB26	12	21331549	rs4149056	T	.	.	.	PR	GT	0/0
hu02100D	12	21331549	rs4149056	C	T	.	.	PR	GT	0/1
hu024B5D	12	21331549	rs4149056	T	.	.	.	PR	GT	0/0
hu0257DA	12	21331549	rs4149056	T	.	.	.	PR	GT	0/0
hu025CEA	12	21222816	rs4149056	C	T	.	.	PR	GT	0/1
hu026DEA	12	21331549	rs4149056	T	.	.	.	PR	GT	0/0
hu032C04	12	21222816	rs4149056	T	.	.	.	PR	GT	0/0
hu034DB1	12	21222816	rs4149056	T	.	.	.	PR	GT	0/0
hu0369A1	12	21222816	rs4149056	T	.	.	.	PR	GT	0/0
hu0486D6	12	21331549	rs4149056	T	.	.	.	PR	GT	0/0
hu0515BA	12	21331549	rs4149056	T	.	.	.	PR	GT	0/0
hu051AAE	12	21331549	rs4149056	T	.	.	.	PR	GT	0/0
hu052250	12	21331549	rs4149056	C	T	.	.	PR	GT	0/1
hu05993A	12	21331549	rs4149056	T	.	.	.	PR	GT	0/0
hu05F442	12	21331549	rs4149056	T	.	.	.	PR	GT	0/0
hu05FD49	12	21222816	rs4149056	T	.	.	.	PR	GT	0/0
hu066C78	12	21222816	rs4149056	T	.	.	.	PR	GT	0/0
hu0684DB	12	21331549	rs4149056	T	.	.	.	PR	GT	0/0
hu08334F	12	21331549	rs4149056	T	.	.	.	PR	GT	0/0
hu0878AF	12	21331549	rs4149056	T	.	.	.	PR	GT	0/0
hu08DAC6	12	21331549	rs4149056	C	T	.	.	PR	GT	0/1
hu092771	12	21331549	rs4149056	T	.	.	.	PR	GT	0/0
hu09D626	12	21331549	rs4149056	T	.	.	.	PR	GT	0/0
hu0A6570	12	21331549	rs4149056	T	.	.	.	PR	GT	0/0
hu0B9C47	12	21331549	rs4149056	C	T	.	.	PR	GT	0/1
hu0C0779	12	21331549	rs4149056	T	.	.	.	PR	GT	0/0
hu0C1563	12	21331549	rs4149056	T	.	.	.	PR	GT	0/0
hu0D2DBE	12	21331549	rs4149056	T	.	.	.	PR	GT	0/0
hu0DEE68	12	21222816	rs4149056	C	T	.	.	PR	GT	0/1
hu0E64A1	12	21222816	rs4149056	C	T	.	.	PR	GT	0/1
hu0E7AAF	12	21331549	rs4149056	T	.	.	.	PR	GT	0/0
hu0FDE6C	12	21331549	rs4149056	C	T	.	.	PR	GT	0/1
hu101457	12	21331549	rs4149056	T	.	.	.	PR	GT	0/0
hu101EF8	12	21331549	rs4149056	C	T	.	.	PR	GT	0/1
hu11603C	12	21222816	rs4149056	C	T	.	.	PR	GT	0/1
hu117D1E	12	21331549	rs4149056	C	T	.	.	PR	GT	0/1
hu1187FF	12	21222816	rs4149056	C	T	.	.	PR	GT	0/1
hu11DF5B	12	21331549	rs4149056	T	.	.	.	PR	GT	0/0
hu1213DA	12	21331549	rs4149056	T	.	.	.	PR	GT	0/0
hu1287DA	12	21331549	rs4149056	C	T	.	.	PR	GT	0/1
hu12D62A	12	21331549	rs4149056	T	.	.	.	PR	GT	0/0
hu14262A	12	21222816	rs4149056	T	.	.	.	PR	GT	0/0
hu14ECAE	12	21222816	rs4149056	T	.	.	.	PR	GT	0/0
hu152E96	12	21331549	rs4149056	T	.	.	.	PR	GT	0/0
hu155D20	12	21331549	rs4149056	C	T	.	.	PR	GT	0/1
hu15BFF8	12	21222816	rs4149056	T	.	.	.	PR	GT	0/0
hu16360E	12	21222816	rs4149056	T	.	.	.	PR	GT	0/0
hu16A1B3	12	21222816	rs4149056	T	.	.	.	PR	GT	0/0
hu1712BC	12	21331549	rs4149056	T	.	.	.	PR	GT	0/0
hu17DFDB	12	21331549	rs4149056	C	T	.	.	PR	GT	0/1
hu1843FC	12	21331549	rs4149056	T	.	.	.	PR	GT	0/0
hu199D27	12	21331549	rs4149056	T	.	.	.	PR	GT	0/0
hu19C09F	12	21222816	rs4149056	T	.	.	.	PR	GT	0/0
hu1A57E4	12	21331549	rs4149056	T	.	.	.	PR	GT	0/0
hu1A7894	12	21222816	rs4149056	T	.	.	.	PR	GT	0/0
hu1A8107	12	21331549	rs4149056	T	.	.	.	PR	GT	0/0
hu1AF4ED	12	21331549	rs4149056	T	.	.	.	PR	GT	0/0
hu1AF744	12	21222816	rs4149056	T	.	.	.	PR	GT	0/0
hu1B2689	12	21331549	rs4149056	T	.	.	.	PR	GT	0/0
hu1BD549	12	21222816	rs4149056	T	.	.	.	PR	GT	0/0
hu1BDBA5	12	21222816	rs4149056	T	.	.	.	PR	GT	0/0
hu1BDE7A	12	21331549	rs4149056	T	.	.	.	PR	GT	0/0
hu1D6DF3	12	21331549	rs4149056	C	T	.	.	PR	GT	0/1
hu1DD730	12	21331549	rs4149056	T	.	.	.	PR	GT	0/0
hu1EE386	12	21331549	rs4149056	T	.	.	.	PR	GT	0/0
hu1F4A47	12	21222816	rs4149056	T	.	.	.	PR	GT	0/0
hu1F73AB	12	21222816	rs4149056	T	.	.	.	PR	GT	0/0
hu1FDEED	12	21331549	rs4149056	T	.	.	.	PR	GT	0/0
hu214F30	12	21331549	rs4149056	T	.	.	.	PR	GT	0/0
hu2167CD	12	21331549	rs4149056	T	.	.	.	PR	GT	0/0
hu21731A	12	21331549	rs4149056	T	.	.	.	PR	GT	0/0
hu2331A5	12	21222816	rs4149056	T	.	.	.	PR	GT	0/0
hu23502F	12	21222816	rs4149056	C	T	.	.	PR	GT	0/1
hu241DEA	12	21331549	rs4149056	C	T	.	.	PR	GT	0/1
hu24A473	12	21331549	rs4149056	T	.	.	.	PR	GT	0/0
hu25BD97	12	21222816	rs4149056	T	.	.	.	PR	GT	0/0
hu25E1EE	12	21331549	rs4149056	C	T	.	.	PR	GT	0/1
hu25E94B	12	21222816	rs4149056	T	.	.	.	PR	GT	0/0
hu269E6C	12	21331549	rs4149056	T	.	.	.	PR	GT	0/0
hu26E3D1	12	21222816	rs4149056	T	.	.	.	PR	GT	0/0
hu275E09	12	21222816	rs4149056	T	.	.	.	PR	GT	0/0
hu27FD1F	12	21222816	rs4149056	T	.	.	.	PR	GT	0/0
hu28391C	12	21331549	rs4149056	C	T	.	.	PR	GT	0/1
hu28ABE8	12	21331549	rs4149056	C	T	.	.	PR	GT	0/1
hu28E7C5	12	21222816	rs4149056	T	.	.	.	PR	GT	0/0
hu28F39C	12	21222816	rs4149056	C	T	.	.	PR	GT	0/1
hu297562	12	21222816	rs4149056	T	.	.	.	PR	GT	0/0
hu2A4D22	12	21331549	rs4149056	T	.	.	.	PR	GT	0/0
hu2B8562	12	21222816	rs4149056	T	.	.	.	PR	GT	0/0
hu2BC187	12	21222816	rs4149056	C	T	.	.	PR	GT	0/1
hu2D21C5	12	21331549	rs4149056	T	.	.	.	PR	GT	0/0
hu2D53F2	12	21222816	rs4149056	T	.	.	.	PR	GT	0/0
hu2DEBA7	12	21222816	rs4149056	T	.	.	.	PR	GT	0/0
hu2DF992	12	21331549	rs4149056	C	T	.	.	PR	GT	0/1
hu2E179F	12	21331549	rs4149056	T	.	.	.	PR	GT	0/0
hu2E2A05	12	21331549	rs4149056	T	.	.	.	PR	GT	0/0
hu2E413D	12	21222816	rs4149056	T	.	.	.	PR	GT	0/0
hu2FEC01	12	21222816	rs4149056	T	.	.	.	PR	GT	0/0
hu301476	12	21331549	rs4149056	T	.	.	.	PR	GT	0/0
hu3073E3	12	21222816	rs4149056	T	.	.	.	PR	GT	0/0
hu30888B	12	21222816	rs4149056	T	.	.	.	PR	GT	0/0
hu30F119	12	21331549	rs4149056	T	.	.	.	PR	GT	0/0
hu3116C3	12	21331549	rs4149056	T	.	.	.	PR	GT	0/0
hu313730	12	21331549	rs4149056	T	.	.	.	PR	GT	0/0
hu315025	12	21331549	rs4149056	T	.	.	.	PR	GT	0/0
hu315FCA	12	21331549	rs4149056	C	T	.	.	PR	GT	0/1
hu319B11	12	21331549	rs4149056	C	T	.	.	PR	GT	0/1
hu32506B	12	21331549	rs4149056	T	.	.	.	PR	GT	0/0
hu333DD0	12	21331549	rs4149056	T	.	.	.	PR	GT	0/0
hu3343A5	12	21331549	rs4149056	T	.	.	.	PR	GT	0/0
hu33F35D	12	21222816	rs4149056	T	.	.	.	PR	GT	0/0
hu340C7A	12	21222816	rs4149056	T	.	.	.	PR	GT	0/0
hu345185	12	21222816	rs4149056	T	.	.	.	PR	GT	0/0
hu3458D8	12	21222816	rs4149056	C	T	.	.	PR	GT	0/1
hu34BA70	12	21331549	rs4149056	T	.	.	.	PR	GT	0/0
hu34D5B9	12	21222816	rs4149056	C	T	.	.	PR	GT	0/1
hu35071E	12	21331549	rs4149056	T	.	.	.	PR	GT	0/0
hu352868	12	21222816	rs4149056	T	.	.	.	PR	GT	0/0
hu35389E	12	21222816	rs4149056	C	T	.	.	PR	GT	0/1
hu3549A7	12	21222816	rs4149056	T	.	.	.	PR	GT	0/0
hu363FD6	12	21222816	rs4149056	T	.	.	.	PR	GT	0/0
hu3696DA	12	21222816	rs4149056	T	.	.	.	PR	GT	0/0
hu372174	12	21331549	rs4149056	T	.	.	.	PR	GT	0/0
hu379AE4	12	21331549	rs4149056	C	T	.	.	PR	GT	0/1
hu3800D8	12	21331549	rs4149056	T	.	.	.	PR	GT	0/0
hu394092	12	21222816	rs4149056	T	.	.	.	PR	GT	0/0
hu394755	12	21222816	rs4149056	C	T	.	.	PR	GT	0/1
hu39D07D	12	21331549	rs4149056	T	.	.	.	PR	GT	0/0
hu3A0860	12	21331549	rs4149056	T	.	.	.	PR	GT	0/0
hu3A1B15	12	21331549	rs4149056	T	.	.	.	PR	GT	0/0
hu3AD9A6	12	21331549	rs4149056	C	T	.	.	PR	GT	0/1
hu3B032D	12	21331549	rs4149056	T	.	.	.	PR	GT	0/0
hu3B89BD	12	21222816	rs4149056	T	.	.	.	PR	GT	0/0
hu3C0611	12	21222816	rs4149056	T	.	.	.	PR	GT	0/0
hu3C5109	12	21331549	rs4149056	T	.	.	.	PR	GT	0/0
hu3C86DB	12	21331549	rs4149056	T	.	.	.	PR	GT	0/0
hu3CAB43	12	21222816	rs4149056	T	.	.	.	PR	GT	0/0
hu3CEAE6	12	21331549	rs4149056	T	.	.	.	PR	GT	0/0
hu3CED2C	12	21331549	rs4149056	T	.	.	.	PR	GT	0/0
hu3CF82F	12	21331549	rs4149056	T	.	.	.	PR	GT	0/0
hu3D303A	12	21331549	rs4149056	T	.	.	.	PR	GT	0/0
hu3D355A	12	21222816	rs4149056	T	.	.	.	PR	GT	0/0
hu3DC5EA	12	21331549	rs4149056	T	.	.	.	PR	GT	0/0
hu3DDADF	12	21331549	rs4149056	T	.	.	.	PR	GT	0/0
hu3E2659	12	21331549	rs4149056	T	.	.	.	PR	GT	0/0
hu3EEE3A	12	21331549	rs4149056	C	.	.	.	PR	GT	0/0
hu3F13EF	12	21222816	rs4149056	C	.	.	.	PR	GT	0/0
hu3F37F2	12	21331549	rs4149056	T	.	.	.	PR	GT	0/0
hu3F7CB4	12	21222816	rs4149056	T	.	.	.	PR	GT	0/0
hu3F8570	12	21222816	rs4149056	C	T	.	.	PR	GT	0/1
hu3F864B	12	21222816	rs4149056	T	.	.	.	PR	GT	0/0
hu4040B8	12	21222816	rs4149056	T	.	.	.	PR	GT	0/0
hu409F2D	12	21222816	rs4149056	T	.	.	.	PR	GT	0/0
hu414115	12	21331549	rs4149056	C	.	.	.	PR	GT	0/0
hu41D90F	12	21331549	rs4149056	T	.	.	.	PR	GT	0/0
hu41ED75	12	21331549	rs4149056	T	.	.	.	PR	GT	0/0
hu42B208	12	21222816	rs4149056	T	.	.	.	PR	GT	0/0
hu42B622	12	21331549	rs4149056	T	.	.	.	PR	GT	0/0
hu42CD37	12	21331549	rs4149056	C	T	.	.	PR	GT	0/1
hu42E61E	12	21222816	rs4149056	T	.	.	.	PR	GT	0/0
hu43294F	12	21331549	rs4149056	C	T	.	.	PR	GT	0/1
hu43860C	12	21222816	rs4149056	T	.	.	.	PR	GT	0/0
hu443DE9	12	21331549	rs4149056	T	.	.	.	PR	GT	0/0
hu448C4B	12	21222816	rs4149056	C	T	.	.	PR	GT	0/1
hu44DCFF	12	21222816	rs4149056	T	.	.	.	PR	GT	0/0
hu459AD0	12	21222816	rs4149056	T	.	.	.	PR	GT	0/0
hu45AE46	12	21331549	rs4149056	T	.	.	.	PR	GT	0/0
hu466B05	12	21331549	rs4149056	C	T	.	.	PR	GT	0/1
hu46D362	12	21331549	rs4149056	T	.	.	.	PR	GT	0/0
hu4753BA	12	21222816	rs4149056	T	.	.	.	PR	GT	0/0
hu47A9D1	12	21331549	rs4149056	T	.	.	.	PR	GT	0/0
hu47E28A	12	21331549	rs4149056	T	.	.	.	PR	GT	0/0
hu4871A5	12	21331549	rs4149056	C	T	.	.	PR	GT	0/1
hu48C4EB	12	21222816	rs4149056	T	.	.	.	PR	GT	0/0
hu4963A1	12	21222816	rs4149056	T	.	.	.	PR	GT	0/0
hu49682A	12	21331549	rs4149056	T	.	.	.	PR	GT	0/0
hu499ED5	12	21222816	rs4149056	T	.	.	.	PR	GT	0/0
hu4A6650	12	21331549	rs4149056	T	.	.	.	PR	GT	0/0
hu4AEB32	12	21222816	rs4149056	T	.	.	.	PR	GT	0/0
hu4B07B3	12	21222816	rs4149056	C	T	.	.	PR	GT	0/1
hu4B11A3	12	21222816	rs4149056	T	.	.	.	PR	GT	0/0
hu4B3CE7	12	21222816	rs4149056	T	.	.	.	PR	GT	0/0
hu4B3FF4	12	21331549	rs4149056	T	.	.	.	PR	GT	0/0
hu4B59CC	12	21331549	rs4149056	C	T	.	.	PR	GT	0/1
hu4BA913	12	21331549	rs4149056	T	.	.	.	PR	GT	0/0
hu4BE378	12	21222816	rs4149056	C	T	.	.	PR	GT	0/1
hu4BE6F2	12	21222816	rs4149056	T	.	.	.	PR	GT	0/0
hu4C20BC	12	21331549	rs4149056	T	.	.	.	PR	GT	0/0
hu4C3094	12	21222816	rs4149056	C	T	.	.	PR	GT	0/1
hu4CA5B9	12	21331549	rs4149056	T	.	.	.	PR	GT	0/0
hu4CFB79	12	21331549	rs4149056	T	.	.	.	PR	GT	0/0
hu4D2239	12	21222816	rs4149056	C	.	.	.	PR	GT	0/0
hu4D906B	12	21331549	rs4149056	C	T	.	.	PR	GT	0/1
hu4DB380	12	21331549	rs4149056	C	T	.	.	PR	GT	0/1
hu4DE348	12	21222816	rs4149056	T	.	.	.	PR	GT	0/0
hu4DFBAF	12	21331549	rs4149056	T	.	.	.	PR	GT	0/0
hu4E03BC	12	21222816	rs4149056	T	.	.	.	PR	GT	0/0
hu4E8462	12	21331549	rs4149056	T	.	.	.	PR	GT	0/0
hu4F3DB4	12	21331549	rs4149056	T	.	.	.	PR	GT	0/0
hu4F8813	12	21331549	rs4149056	T	.	.	.	PR	GT	0/0
hu4FA99E	12	21331549	rs4149056	T	.	.	.	PR	GT	0/0
hu500536	12	21331549	rs4149056	T	.	.	.	PR	GT	0/0
hu502084	12	21331549	rs4149056	T	.	.	.	PR	GT	0/0
hu50F472	12	21222816	rs4149056	T	.	.	.	PR	GT	0/0
hu524B5B	12	21331549	rs4149056	T	.	.	.	PR	GT	0/0
hu52E130	12	21331549	rs4149056	C	T	.	.	PR	GT	0/1
hu52F1E0	12	21331549	rs4149056	C	T	.	.	PR	GT	0/1
hu52F345	12	21331549	rs4149056	T	.	.	.	PR	GT	0/0
hu52F6FF	12	21331549	rs4149056	T	.	.	.	PR	GT	0/0
hu53075C	12	21222816	rs4149056	T	.	.	.	PR	GT	0/0
hu53A64C	12	21331549	rs4149056	T	.	.	.	PR	GT	0/0
hu5470E0	12	21331549	rs4149056	C	T	.	.	PR	GT	0/1
hu54E9E5	12	21331549	rs4149056	T	.	.	.	PR	GT	0/0
hu54EA88	12	21331549	rs4149056	T	.	.	.	PR	GT	0/0
hu566AA7	12	21331549	rs4149056	T	.	.	.	PR	GT	0/0
hu569A8F	12	21331549	rs4149056	T	.	.	.	PR	GT	0/0
hu56B3B6	12	21222816	rs4149056	T	.	.	.	PR	GT	0/0
hu578827	12	21222816	rs4149056	T	.	.	.	PR	GT	0/0
hu57C8BE	12	21331549	rs4149056	T	.	.	.	PR	GT	0/0
hu57C9FD	12	21331549	rs4149056	T	.	.	.	PR	GT	0/0
hu580BA5	12	21222816	rs4149056	C	T	.	.	PR	GT	0/1
hu5844AD	12	21331549	rs4149056	T	.	.	.	PR	GT	0/0
hu589685	12	21222816	rs4149056	T	.	.	.	PR	GT	0/0
hu589D0B	12	21222816	rs4149056	C	.	.	.	PR	GT	0/0
hu59141C	12	21222816	rs4149056	T	.	.	.	PR	GT	0/0
hu594129	12	21222816	rs4149056	T	.	.	.	PR	GT	0/0
hu59736F	12	21331549	rs4149056	C	T	.	.	PR	GT	0/1
hu5A0DFE	12	21222816	rs4149056	T	.	.	.	PR	GT	0/0
hu5A1D5F	12	21222816	rs4149056	T	.	.	.	PR	GT	0/0
hu5A2074	12	21222816	rs4149056	T	.	.	.	PR	GT	0/0
hu5A61B8	12	21222816	rs4149056	T	.	.	.	PR	GT	0/0
hu5A8E21	12	21331549	rs4149056	T	.	.	.	PR	GT	0/0
hu5AE862	12	21222816	rs4149056	T	.	.	.	PR	GT	0/0
hu5AF9F0	12	21331549	rs4149056	T	.	.	.	PR	GT	0/0
hu5B2595	12	21222816	rs4149056	C	T	.	.	PR	GT	0/1
hu5BB600	12	21331549	rs4149056	C	T	.	.	PR	GT	0/1
hu5C3F07	12	21222816	rs4149056	C	.	.	.	PR	GT	0/0
hu5CA5F7	12	21331549	rs4149056	C	.	.	.	PR	GT	0/0
hu5CABA7	12	21331549	rs4149056	T	.	.	.	PR	GT	0/0
hu5CD59A	12	21331549	rs4149056	T	.	.	.	PR	GT	0/0
hu5CE489	12	21331549	rs4149056	T	.	.	.	PR	GT	0/0
hu5D4AD0	12	21331549	rs4149056	C	T	.	.	PR	GT	0/1
hu5D9DE3	12	21331549	rs4149056	C	T	.	.	PR	GT	0/1
hu5DE8CD	12	21331549	rs4149056	C	T	.	.	PR	GT	0/1
hu5E39A6	12	21331549	rs4149056	T	.	.	.	PR	GT	0/0
hu5F0DCB	12	21222816	rs4149056	T	.	.	.	PR	GT	0/0
hu5F3659	12	21222816	rs4149056	C	T	.	.	PR	GT	0/1
hu5FB1B9	12	21222816	rs4149056	T	.	.	.	PR	GT	0/0
hu5FCE15	12	21222816	rs4149056	T	.	.	.	PR	GT	0/0
hu5FD679	12	21331549	rs4149056	C	T	.	.	PR	GT	0/1
hu5FF6B0	12	21222816	rs4149056	T	.	.	.	PR	GT	0/0
hu606C9D	12	21331549	rs4149056	T	.	.	.	PR	GT	0/0
hu60AB7C	12	21222816	rs4149056	C	T	.	.	PR	GT	0/1
hu6157D1
hu619F51	12	21331549	rs4149056	T	.	.	.	PR	GT	0/0
hu61EBEE	12	21331549	rs4149056	T	.	.	.	PR	GT	0/0
hu620523	12	21222816	rs4149056	C	T	.	.	PR	GT	0/1
hu627574	12	21222816	rs4149056	T	.	.	.	PR	GT	0/0
hu633787	12	21331549	rs4149056	C	T	.	.	PR	GT	0/1
hu635045	12	21331549	rs4149056	T	.	.	.	PR	GT	0/0
hu63A000	12	21222816	rs4149056	T	.	.	.	PR	GT	0/0
hu63DA55	12	21222816	rs4149056	T	.	.	.	PR	GT	0/0
hu63EB0A	12	21331549	rs4149056	T	.	.	.	PR	GT	0/0
hu6443EF	12	21331549	rs4149056	C	T	.	.	PR	GT	0/1
hu64AE17	12	21331549	rs4149056	C	T	.	.	PR	GT	0/1
hu65286B	12	21222816	rs4149056	T	.	.	.	PR	GT	0/0
hu654B61	12	21222816	rs4149056	T	.	.	.	PR	GT	0/0
hu65BFA1	12	21331549	rs4149056	C	T	.	.	PR	GT	0/1
hu66330E	12	21331549	rs4149056	T	.	.	.	PR	GT	0/0
hu665667	12	21331549	rs4149056	T	.	.	.	PR	GT	0/0
hu668281	12	21331549	rs4149056	C	T	.	.	PR	GT	0/1
hu67B84E	12	21222816	rs4149056	T	.	.	.	PR	GT	0/0
hu686728	12	21331549	rs4149056	T	.	.	.	PR	GT	0/0
hu686A35	12	21331549	rs4149056	T	.	.	.	PR	GT	0/0
hu689E16	12	21331549	rs4149056	T	.	.	.	PR	GT	0/0
hu691E67	12	21331549	rs4149056	T	.	.	.	PR	GT	0/0
hu6A0E65	12	21222816	rs4149056	T	.	.	.	PR	GT	0/0
hu6ABACE	12	21222816	rs4149056	C	T	.	.	PR	GT	0/1
hu6AD82E	12	21331549	rs4149056	T	.	.	.	PR	GT	0/0
hu6AE32B	12	21222816	rs4149056	T	.	.	.	PR	GT	0/0
hu6CD8C1	12	21331549	rs4149056	T	.	.	.	PR	GT	0/0
hu6D1115	12	21222816	rs4149056	C	T	.	.	PR	GT	0/1
hu6D50BE	12	21331549	rs4149056	C	T	.	.	PR	GT	0/1
hu6DA401	12	21331549	rs4149056	T	.	.	.	PR	GT	0/0
hu6E37AB	12	21222816	rs4149056	C	T	.	.	PR	GT	0/1
hu6E9C24	12	21331549	rs4149056	T	.	.	.	PR	GT	0/0
hu6ED94A	12	21331549	rs4149056	C	T	.	.	PR	GT	0/1
hu6EDC7E	12	21331549	rs4149056	C	T	.	.	PR	GT	0/1
hu6FECE9	12	21222816	rs4149056	T	.	.	.	PR	GT	0/0
hu71ED76	12	21222816	rs4149056	T	.	.	.	PR	GT	0/0
hu72076D	12	21331549	rs4149056	C	T	.	.	PR	GT	0/1
hu72110E	12	21331549	rs4149056	T	.	.	.	PR	GT	0/0
hu723D4E	12	21222816	rs4149056	C	.	.	.	PR	GT	0/0
hu72C17A	12	21222816	rs4149056	C	T	.	.	PR	GT	0/1
hu72E8CF	12	21331549	rs4149056	T	.	.	.	PR	GT	0/0
hu7379BC	12	21331549	rs4149056	T	.	.	.	PR	GT	0/0
hu741459	12	21222816	rs4149056	T	.	.	.	PR	GT	0/0
hu745024	12	21331549	rs4149056	T	.	.	.	PR	GT	0/0
hu746A6A	12	21331549	rs4149056	C	T	.	.	PR	GT	0/1
hu74B85B	12	21331549	rs4149056	C	T	.	.	PR	GT	0/1
hu7504E8	12	21331549	rs4149056	C	T	.	.	PR	GT	0/1
hu751AED	12	21331549	rs4149056	C	T	.	.	PR	GT	0/1
hu75BE2C	12	21222816	rs4149056	T	.	.	.	PR	GT	0/0
hu75F3D7	12	21331549	rs4149056	T	.	.	.	PR	GT	0/0
hu76380E	12	21331549	rs4149056	T	.	.	.	PR	GT	0/0
hu76916F	12	21331549	rs4149056	T	.	.	.	PR	GT	0/0
hu76CAA5	12	21222816	rs4149056	T	.	.	.	PR	GT	0/0
hu76EFBD	12	21222816	rs4149056	T	.	.	.	PR	GT	0/0
hu775356	12	21222816	rs4149056	T	.	.	.	PR	GT	0/0
hu77AB33	12	21222816	rs4149056	C	T	.	.	PR	GT	0/1
hu77CC58	12	21331549	rs4149056	T	.	.	.	PR	GT	0/0
hu780C5B	12	21331549	rs4149056	T	.	.	.	PR	GT	0/0
hu781EE2	12	21222816	rs4149056	C	T	.	.	PR	GT	0/1
hu782033	12	21331549	rs4149056	T	.	.	.	PR	GT	0/0
hu786B4C	12	21331549	rs4149056	C	T	.	.	PR	GT	0/1
hu787E67	12	21222816	rs4149056	T	.	.	.	PR	GT	0/0
hu790518	12	21331549	rs4149056	T	.	.	.	PR	GT	0/0
hu79AB64	12	21331549	rs4149056	T	.	.	.	PR	GT	0/0
hu79E3C7	12	21331549	rs4149056	T	.	.	.	PR	GT	0/0
hu79FC40	12	21331549	rs4149056	T	.	.	.	PR	GT	0/0
hu7A2F1D	12	21331549	rs4149056	T	.	.	.	PR	GT	0/0
hu7A3BAC	12	21331549	rs4149056	C	.	.	.	PR	GT	0/0
hu7AC640	12	21331549	rs4149056	T	.	.	.	PR	GT	0/0
hu7B4393	12	21331549	rs4149056	T	.	.	.	PR	GT	0/0
hu7B594C	12	21222816	rs4149056	T	.	.	.	PR	GT	0/0
hu7C3A81	12	21331549	rs4149056	C	.	.	.	PR	GT	0/0
hu7DA960	12	21331549	rs4149056	C	.	.	.	PR	GT	0/0
hu7DE7FD	12	21222816	rs4149056	C	.	.	.	PR	GT	0/0
hu7E309A	12	21331549	rs4149056	C	T	.	.	PR	GT	0/1
hu7F99E2	12	21222816	rs4149056	T	.	.	.	PR	GT	0/0
hu7FA667	12	21331549	rs4149056	C	T	.	.	PR	GT	0/1
hu7FC773	12	21331549	rs4149056	T	.	.	.	PR	GT	0/0
hu80AD0F	12	21331549	rs4149056	C	T	.	.	PR	GT	0/1
hu81BCA8	12	21222816	rs4149056	T	.	.	.	PR	GT	0/0
hu82436A	12	21222816	rs4149056	C	T	.	.	PR	GT	0/1
hu82468A	12	21331549	rs4149056	T	.	.	.	PR	GT	0/0
hu826751	12	21331549	rs4149056	T	.	.	.	PR	GT	0/0
hu82E689	12	21222816	rs4149056	T	.	.	.	PR	GT	0/0
hu832966	12	21222816	rs4149056	C	T	.	.	PR	GT	0/1
hu834A50	12	21222816	rs4149056	T	.	.	.	PR	GT	0/0
hu836D0A	12	21222816	rs4149056	T	.	.	.	PR	GT	0/0
hu83BC6A	12	21331549	rs4149056	C	T	.	.	PR	GT	0/1
hu83E9B9	12	21222816	rs4149056	T	.	.	.	PR	GT	0/0
hu84082F	12	21222816	rs4149056	T	.	.	.	PR	GT	0/0
hu840B0B	12	21331549	rs4149056	T	.	.	.	PR	GT	0/0
hu84787F	12	21331549	rs4149056	C	T	.	.	PR	GT	0/1
hu84B706	12	21222816	rs4149056	T	.	.	.	PR	GT	0/0
hu851AB8	12	21331549	rs4149056	T	.	.	.	PR	GT	0/0
hu8578CD	12	21331549	rs4149056	T	.	.	.	PR	GT	0/0
hu85ADFB	12	21331549	rs4149056	T	.	.	.	PR	GT	0/0
hu85C7B9	12	21331549	rs4149056	C	T	.	.	PR	GT	0/1
hu85E6EC	12	21331549	rs4149056	T	.	.	.	PR	GT	0/0
hu8602F1	12	21331549	rs4149056	T	.	.	.	PR	GT	0/0
hu861281	12	21331549	rs4149056	T	.	.	.	PR	GT	0/0
hu868880	12	21222816	rs4149056	C	T	.	.	PR	GT	0/1
hu87943E	12	21331549	rs4149056	C	T	.	.	PR	GT	0/1
hu87A318	12	21331549	rs4149056	C	T	.	.	PR	GT	0/1
hu87C6A9	12	21222816	rs4149056	T	.	.	.	PR	GT	0/0
hu88681B	12	21222816	rs4149056	T	.	.	.	PR	GT	0/0
hu88998A	12	21331549	rs4149056	C	T	.	.	PR	GT	0/1
hu88F5BD	12	21331549	rs4149056	C	T	.	.	PR	GT	0/1
hu89910D	12	21222816	rs4149056	T	.	.	.	PR	GT	0/0
hu8A5FBF	12	21331549	rs4149056	T	.	.	.	PR	GT	0/0
hu8A7E4B	12	21222816	rs4149056	T	.	.	.	PR	GT	0/0
hu8B2316	12	21331549	rs4149056	T	.	.	.	PR	GT	0/0
hu8B35DE	12	21331549	rs4149056	T	.	.	.	PR	GT	0/0
hu8B3865	12	21222816	rs4149056	T	.	.	.	PR	GT	0/0
hu8B4E43	12	21222816	rs4149056	T	.	.	.	PR	GT	0/0
hu8B593A	12	21331549	rs4149056	C	T	.	.	PR	GT	0/1
hu8D1A62	12	21331549	rs4149056	C	T	.	.	PR	GT	0/1
hu8D40D6	12	21331549	rs4149056	T	.	.	.	PR	GT	0/0
hu8D6607	12	21331549	rs4149056	C	T	.	.	PR	GT	0/1
hu8D99F6	12	21222816	rs4149056	T	.	.	.	PR	GT	0/0
hu8E82F1	12	21331549	rs4149056	T	.	.	.	PR	GT	0/0
hu8ECBE8	12	21331549	rs4149056	T	.	.	.	PR	GT	0/0
hu8F4C3B	12	21331549	rs4149056	T	.	.	.	PR	GT	0/0
hu8F82E3	12	21222816	rs4149056	T	.	.	.	PR	GT	0/0
hu8FE5F9	12	21222816	rs4149056	T	.	.	.	PR	GT	0/0
hu904B18	12	21222816	rs4149056	T	.	.	.	PR	GT	0/0
hu90A953	12	21331549	rs4149056	T	.	.	.	PR	GT	0/0
hu90B053	12	21222816	rs4149056	C	T	.	.	PR	GT	0/1
hu911FDC	12	21331549	rs4149056	C	T	.	.	PR	GT	0/1
hu9122D5	12	21222816	rs4149056	T	.	.	.	PR	GT	0/0
hu918363	12	21331549	rs4149056	C	T	.	.	PR	GT	0/1
hu919BBA	12	21331549	rs4149056	T	.	.	.	PR	GT	0/0
hu91BD69	12	21222816	rs4149056	T	.	.	.	PR	GT	0/0
hu91FB6B	12	21331549	rs4149056	T	.	.	.	PR	GT	0/0
hu925B56	12	21331549	rs4149056	T	.	.	.	PR	GT	0/0
hu92C1B0	12	21331549	rs4149056	T	.	.	.	PR	GT	0/0
hu92F252	12	21331549	rs4149056	T	.	.	.	PR	GT	0/0
hu92F8E1	12	21331549	rs4149056	T	.	.	.	PR	GT	0/0
hu939B7C	12	21222816	rs4149056	C	T	.	.	PR	GT	0/1
hu94E6EC	12	21331549	rs4149056	T	.	.	.	PR	GT	0/0
hu9536EE	12	21331549	rs4149056	T	.	.	.	PR	GT	0/0
hu96713F	12	21331549	rs4149056	C	T	.	.	PR	GT	0/1
hu9689C4	12	21222816	rs4149056	T	.	.	.	PR	GT	0/0
hu974CFF	12	21331549	rs4149056	T	.	.	.	PR	GT	0/0
hu97DB4A	12	21222816	rs4149056	T	.	.	.	PR	GT	0/0
hu97F45F	12	21331549	rs4149056	T	.	.	.	PR	GT	0/0
hu983A64	12	21331549	rs4149056	T	.	.	.	PR	GT	0/0
hu9877A5	12	21222816	rs4149056	T	.	.	.	PR	GT	0/0
hu989B69	12	21222816	rs4149056	T	.	.	.	PR	GT	0/0
hu990DEB	12	21331549	rs4149056	T	.	.	.	PR	GT	0/0
hu993257	12	21222816	rs4149056	T	.	.	.	PR	GT	0/0
hu998A3D	12	21331549	rs4149056	C	T	.	.	PR	GT	0/1
hu99EC4F	12	21331549	rs4149056	T	.	.	.	PR	GT	0/0
hu9A0F06	12	21222816	rs4149056	T	.	.	.	PR	GT	0/0
hu9B93D0	12	21222816	rs4149056	C	T	.	.	PR	GT	0/1
hu9C1E1A	12	21331549	rs4149056	C	T	.	.	PR	GT	0/1
hu9C27F6	12	21222816	rs4149056	T	.	.	.	PR	GT	0/0
hu9C9470	12	21331549	rs4149056	T	.	.	.	PR	GT	0/0
hu9D1BE2	12	21331549	rs4149056	C	.	.	.	PR	GT	0/0
hu9D78A5	12	21222816	rs4149056	T	.	.	.	PR	GT	0/0
hu9D7C95	12	21222816	rs4149056	T	.	.	.	PR	GT	0/0
hu9E6329	12	21331549	rs4149056	C	T	.	.	PR	GT	0/1
hu9EB4F8	12	21331549	rs4149056	T	.	.	.	PR	GT	0/0
hu9EDB77	12	21331549	rs4149056	T	.	.	.	PR	GT	0/0
hu9FEC32	12	21331549	rs4149056	C	T	.	.	PR	GT	0/1
huA07DA9	12	21331549	rs4149056	T	.	.	.	PR	GT	0/0
huA09927	12	21331549	rs4149056	C	T	.	.	PR	GT	0/1
huA110DA	12	21331549	rs4149056	T	.	.	.	PR	GT	0/0
huA27736	12	21331549	rs4149056	C	T	.	.	PR	GT	0/1
huA2CA68	12	21331549	rs4149056	C	T	.	.	PR	GT	0/1
huA33758	12	21331549	rs4149056	C	T	.	.	PR	GT	0/1
huA35014	12	21222816	rs4149056	T	.	.	.	PR	GT	0/0
huA35FE6	12	21331549	rs4149056	T	.	.	.	PR	GT	0/0
huA38896	12	21331549	rs4149056	C	T	.	.	PR	GT	0/1
huA3A815	12	21222816	rs4149056	T	.	.	.	PR	GT	0/0
huA44E91	12	21331549	rs4149056	T	.	.	.	PR	GT	0/0
huA45764	12	21222816	rs4149056	C	T	.	.	PR	GT	0/1
huA4F281	12	21222816	rs4149056	C	T	.	.	PR	GT	0/1
huA526BD	12	21331549	rs4149056	T	.	.	.	PR	GT	0/0
huA55602	12	21331549	rs4149056	T	.	.	.	PR	GT	0/0
huA5A1D1	12	21331549	rs4149056	T	.	.	.	PR	GT	0/0
huA5B645	12	21222816	rs4149056	T	.	.	.	PR	GT	0/0
huA5FD8B	12	21222816	rs4149056	T	.	.	.	PR	GT	0/0
huA62230	12	21222816	rs4149056	T	.	.	.	PR	GT	0/0
huA720D3	12	21222816	rs4149056	C	T	.	.	PR	GT	0/1
huA7A170	12	21331549	rs4149056	T	.	.	.	PR	GT	0/0
huA7C527	12	21331549	rs4149056	T	.	.	.	PR	GT	0/0
huA7E205	12	21331549	rs4149056	T	.	.	.	PR	GT	0/0
huA81CF4	12	21222816	rs4149056	C	T	.	.	PR	GT	0/1
huA84F63	12	21331549	rs4149056	T	.	.	.	PR	GT	0/0
huA8DD58	12	21331549	rs4149056	T	.	.	.	PR	GT	0/0
huA9D22A	12	21222816	rs4149056	T	.	.	.	PR	GT	0/0
huAA16BD	12	21222816	rs4149056	T	.	.	.	PR	GT	0/0
huAA4C9C	12	21331549	rs4149056	T	.	.	.	PR	GT	0/0
huAA53E0	12	21331549	rs4149056	T	.	.	.	PR	GT	0/0
huAB47EB	12	21331549	rs4149056	T	.	.	.	PR	GT	0/0
huAC3640	12	21331549	rs4149056	T	.	.	.	PR	GT	0/0
huAC827A	12	21222816	rs4149056	C	T	.	.	PR	GT	0/1
huAD079E	12	21331549	rs4149056	C	.	.	.	PR	GT	0/0
huAD6C57	12	21331549	rs4149056	T	.	.	.	PR	GT	0/0
huAD719C	12	21222816	rs4149056	T	.	.	.	PR	GT	0/0
huAD8C77	12	21331549	rs4149056	T	.	.	.	PR	GT	0/0
huADA07D	12	21331549	rs4149056	C	T	.	.	PR	GT	0/1
huADB22D	12	21331549	rs4149056	T	.	.	.	PR	GT	0/0
huADF414	12	21331549	rs4149056	C	T	.	.	PR	GT	0/1
huAE4A11	12	21222816	rs4149056	T	.	.	.	PR	GT	0/0
huAEADC0	12	21331549	rs4149056	T	.	.	.	PR	GT	0/0
huAF3C63	12	21222816	rs4149056	T	.	.	.	PR	GT	0/0
huAF469C	12	21331549	rs4149056	C	T	.	.	PR	GT	0/1
huB066C2	12	21331549	rs4149056	C	T	.	.	PR	GT	0/1
huB10361	12	21331549	rs4149056	T	.	.	.	PR	GT	0/0
huB1488D	12	21222816	rs4149056	T	.	.	.	PR	GT	0/0
huB1B890	12	21331549	rs4149056	T	.	.	.	PR	GT	0/0
huB29F01	12	21331549	rs4149056	T	.	.	.	PR	GT	0/0
huB2A9E7	12	21222816	rs4149056	T	.	.	.	PR	GT	0/0
huB2C416	12	21222816	rs4149056	C	T	.	.	PR	GT	0/1
huB2CFD0	12	21222816	rs4149056	T	.	.	.	PR	GT	0/0
huB36CAB	12	21331549	rs4149056	C	T	.	.	PR	GT	0/1
huB47EB5	12	21331549	rs4149056	T	.	.	.	PR	GT	0/0
huB4C1A1	12	21331549	rs4149056	C	T	.	.	PR	GT	0/1
huB4D223	12	21222816	rs4149056	C	T	.	.	PR	GT	0/1
huB4E01A	12	21331549	rs4149056	T	.	.	.	PR	GT	0/0
huB4E868	12	21331549	rs4149056	T	.	.	.	PR	GT	0/0
huB508F1	12	21331549	rs4149056	T	.	.	.	PR	GT	0/0
huB57DD4	12	21331549	rs4149056	T	.	.	.	PR	GT	0/0
huB59C05	12	21222816	rs4149056	T	.	.	.	PR	GT	0/0
huB5A0DF	12	21331549	rs4149056	T	.	.	.	PR	GT	0/0
huB63C0C	12	21222816	rs4149056	T	.	.	.	PR	GT	0/0
huB6B43E	12	21331549	rs4149056	C	T	.	.	PR	GT	0/1
huB714CA	12	21222816	rs4149056	C	T	.	.	PR	GT	0/1
huB7EC37	12	21222816	rs4149056	T	.	.	.	PR	GT	0/0
huB828CB	12	21222816	rs4149056	T	.	.	.	PR	GT	0/0
huB90F20	12	21331549	rs4149056	T	.	.	.	PR	GT	0/0
huB96844	12	21331549	rs4149056	T	.	.	.	PR	GT	0/0
huBA3075	12	21331549	rs4149056	T	.	.	.	PR	GT	0/0
huBAA265	12	21222816	rs4149056	C	T	.	.	PR	GT	0/1
huBB3ECE	12	21331549	rs4149056	T	.	.	.	PR	GT	0/0
huBBEB5D	12	21331549	rs4149056	C	T	.	.	PR	GT	0/1
huBC03A7	12	21222816	rs4149056	T	.	.	.	PR	GT	0/0
huBC4E20	12	21331549	rs4149056	T	.	.	.	PR	GT	0/0
huBD640A	12	21222816	rs4149056	T	.	.	.	PR	GT	0/0
huBD9C9B	12	21222816	rs4149056	T	.	.	.	PR	GT	0/0
huBE12FC	12	21331549	rs4149056	T	.	.	.	PR	GT	0/0
huBE3694	12	21331549	rs4149056	T	.	.	.	PR	GT	0/0
huBE37B9	12	21331549	rs4149056	C	T	.	.	PR	GT	0/1
huBE8E0C	12	21222816	rs4149056	T	.	.	.	PR	GT	0/0
huBF0F93	12	21331549	rs4149056	C	.	.	.	PR	GT	0/0
huBFE0A8	12	21331549	rs4149056	T	.	.	.	PR	GT	0/0
huBFEDCE	12	21222816	rs4149056	T	.	.	.	PR	GT	0/0
huC170B1	12	21331549	rs4149056	T	.	.	.	PR	GT	0/0
huC1C7D0	12	21331549	rs4149056	C	T	.	.	PR	GT	0/1
huC1F365	12	21331549	rs4149056	T	.	.	.	PR	GT	0/0
huC244BC	12	21222816	rs4149056	T	.	.	.	PR	GT	0/0
huC39675	12	21331549	rs4149056	C	T	.	.	PR	GT	0/1
huC3ACB0	12	21331549	rs4149056	C	T	.	.	PR	GT	0/1
huC3ECD9	12	21331549	rs4149056	T	.	.	.	PR	GT	0/0
huC434ED	12	21222816	rs4149056	C	T	.	.	PR	GT	0/1
huC47694	12	21331549	rs4149056	C	T	.	.	PR	GT	0/1
huC48342	12	21331549	rs4149056	T	.	.	.	PR	GT	0/0
huC4A276	12	21222816	rs4149056	T	.	.	.	PR	GT	0/0
huC4F2BB	12	21331549	rs4149056	T	.	.	.	PR	GT	0/0
huC5263A	12	21331549	rs4149056	T	.	.	.	PR	GT	0/0
huC5824D	12	21331549	rs4149056	T	.	.	.	PR	GT	0/0
huC7388D	12	21331549	rs4149056	T	.	.	.	PR	GT	0/0
huC82AA9	12	21222816	rs4149056	T	.	.	.	PR	GT	0/0
huC92BC9	12	21222816	rs4149056	T	.	.	.	PR	GT	0/0
huC93106	12	21331549	rs4149056	T	.	.	.	PR	GT	0/0
huC93FB9	12	21331549	rs4149056	T	.	.	.	PR	GT	0/0
huC96962	12	21331549	rs4149056	T	.	.	.	PR	GT	0/0
huC99B70	12	21331549	rs4149056	T	.	.	.	PR	GT	0/0
huCA14D2	12	21222816	rs4149056	C	T	.	.	PR	GT	0/1
huCB4B3A	12	21331549	rs4149056	C	T	.	.	PR	GT	0/1
huCBB865	12	21331549	rs4149056	T	.	.	.	PR	GT	0/0
huCCA261	12	21222816	rs4149056	T	.	.	.	PR	GT	0/0
huCCAFD0	12	21331549	rs4149056	T	.	.	.	PR	GT	0/0
huCE80FB	12	21331549	rs4149056	T	.	.	.	PR	GT	0/0
huCECD07	12	21222816	rs4149056	T	.	.	.	PR	GT	0/0
huCFD853	12	21331549	rs4149056	T	.	.	.	PR	GT	0/0
huCFF045	12	21331549	rs4149056	T	.	.	.	PR	GT	0/0
huD00199	12	21331549	rs4149056	T	.	.	.	PR	GT	0/0
huD0449C	12	21222816	rs4149056	T	.	.	.	PR	GT	0/0
huD0CFDA	12	21331549	rs4149056	T	.	.	.	PR	GT	0/0
huD0D2F9	12	21222816	rs4149056	C	T	.	.	PR	GT	0/1
huD0F91E	12	21331549	rs4149056	C	T	.	.	PR	GT	0/1
huD10FBC	12	21331549	rs4149056	T	.	.	.	PR	GT	0/0
huD14602	12	21331549	rs4149056	C	T	.	.	PR	GT	0/1
huD2F73D	12	21331549	rs4149056	T	.	.	.	PR	GT	0/0
huD37D14	12	21331549	rs4149056	T	.	.	.	PR	GT	0/0
huD3D99C	12	21331549	rs4149056	T	.	.	.	PR	GT	0/0
huD3E181	12	21222816	rs4149056	C	T	.	.	PR	GT	0/1
huD3FFCB	12	21331549	rs4149056	C	T	.	.	PR	GT	0/1
huD42C26	12	21331549	rs4149056	C	T	.	.	PR	GT	0/1
huD4F6D2	12	21331549	rs4149056	T	.	.	.	PR	GT	0/0
huD4F7DB	12	21222816	rs4149056	C	.	.	.	PR	GT	0/0
huD50D1C	12	21222816	rs4149056	T	.	.	.	PR	GT	0/0
huD50F73	12	21331549	rs4149056	T	.	.	.	PR	GT	0/0
huD52556	12	21222816	rs4149056	T	.	.	.	PR	GT	0/0
huD53911	12	21331549	rs4149056	C	.	.	.	PR	GT	0/0
huD5537B	12	21331549	rs4149056	T	.	.	.	PR	GT	0/0
huD57BBF	12	21222816	rs4149056	T	.	.	.	PR	GT	0/0
huD588DE	12	21222816	rs4149056	T	.	.	.	PR	GT	0/0
huD58ABC	12	21331549	rs4149056	C	T	.	.	PR	GT	0/1
huD5AAEC	12	21222816	rs4149056	T	.	.	.	PR	GT	0/0
huD6A89F	12	21222816	rs4149056	T	.	.	.	PR	GT	0/0
huD76A20	12	21331549	rs4149056	T	.	.	.	PR	GT	0/0
huD77E41	12	21331549	rs4149056	C	T	.	.	PR	GT	0/1
huD7960A	12	21222816	rs4149056	T	.	.	.	PR	GT	0/0
huD80EF3	12	21331549	rs4149056	C	.	.	.	PR	GT	0/0
huD828D2	12	21331549	rs4149056	T	.	.	.	PR	GT	0/0
huD83C6C	12	21222816	rs4149056	T	.	.	.	PR	GT	0/0
huD85057	12	21222816	rs4149056	T	.	.	.	PR	GT	0/0
huD87BFC	12	21222816	rs4149056	T	.	.	.	PR	GT	0/0
huD889CC	12	21222816	rs4149056	T	.	.	.	PR	GT	0/0
huD8D955	12	21331549	rs4149056	C	T	.	.	PR	GT	0/1
huD96A97	12	21222816	rs4149056	T	.	.	.	PR	GT	0/0
huD9D625	12	21222816	rs4149056	T	.	.	.	PR	GT	0/0
huDB045C	12	21331549	rs4149056	T	.	.	.	PR	GT	0/0
huDB1635	12	21222816	rs4149056	T	.	.	.	PR	GT	0/0
huDBC928	12	21331549	rs4149056	C	T	.	.	PR	GT	0/1
huDBDF82	12	21331549	rs4149056	T	.	.	.	PR	GT	0/0
huDCF4FA	12	21331549	rs4149056	T	.	.	.	PR	GT	0/0
huDD1522	12	21331549	rs4149056	T	.	.	.	PR	GT	0/0
huDD2F3F	12	21331549	rs4149056	C	.	.	.	PR	GT	0/0
huDD5D00	12	21331549	rs4149056	T	.	.	.	PR	GT	0/0
huDD5F9B	12	21331549	rs4149056	T	.	.	.	PR	GT	0/0
huDDA29F	12	21331549	rs4149056	T	.	.	.	PR	GT	0/0
huDDD6BF	12	21222816	rs4149056	T	.	.	.	PR	GT	0/0
huDDE04F	12	21222816	rs4149056	C	.	.	.	PR	GT	0/0
huDDEC1D	12	21222816	rs4149056	T	.	.	.	PR	GT	0/0
huDE4E2A	12	21331549	rs4149056	T	.	.	.	PR	GT	0/0
huDF04CC	12	21222816	rs4149056	T	.	.	.	PR	GT	0/0
huDF0DAF	12	21331549	rs4149056	C	.	.	.	PR	GT	0/0
huDF6CBE	12	21222816	rs4149056	T	.	.	.	PR	GT	0/0
huDF9008	12	21331549	rs4149056	T	.	.	.	PR	GT	0/0
huDFBF54	12	21222816	rs4149056	T	.	.	.	PR	GT	0/0
huE02FAC	12	21331549	rs4149056	T	.	.	.	PR	GT	0/0
huE07725	12	21331549	rs4149056	C	T	.	.	PR	GT	0/1
huE0F0CE	12	21331549	rs4149056	T	.	.	.	PR	GT	0/0
huE18D82	12	21331549	rs4149056	T	.	.	.	PR	GT	0/0
huE24396	12	21222816	rs4149056	C	T	.	.	PR	GT	0/1
huE2CAA6	12	21331549	rs4149056	T	.	.	.	PR	GT	0/0
huE2D0CA	12	21331549	rs4149056	T	.	.	.	PR	GT	0/0
huE2EAB7	12	21331549	rs4149056	T	.	.	.	PR	GT	0/0
huE30103	12	21331549	rs4149056	T	.	.	.	PR	GT	0/0
huE308D1	12	21222816	rs4149056	C	T	.	.	PR	GT	0/1
huE31062	12	21222816	rs4149056	T	.	.	.	PR	GT	0/0
huE34B72	12	21331549	rs4149056	T	.	.	.	PR	GT	0/0
huE35226	12	21331549	rs4149056	T	.	.	.	PR	GT	0/0
huE43A48	12	21331549	rs4149056	T	.	.	.	PR	GT	0/0
huE4CA90	12	21222816	rs4149056	C	T	.	.	PR	GT	0/1
huE4DAE4	12	21222816	rs4149056	T	.	.	.	PR	GT	0/0
huE57FEC	12	21331549	rs4149056	T	.	.	.	PR	GT	0/0
huE58004	12	21222816	rs4149056	T	.	.	.	PR	GT	0/0
huE6E6C9	12	21331549	rs4149056	T	.	.	.	PR	GT	0/0
huE7765D	12	21331549	rs4149056	T	.	.	.	PR	GT	0/0
huE77B10	12	21331549	rs4149056	T	.	.	.	PR	GT	0/0
huE86317	12	21331549	rs4149056	T	.	.	.	PR	GT	0/0
huE8E021	12	21331549	rs4149056	T	.	.	.	PR	GT	0/0
huE9E383	12	21331549	rs4149056	T	.	.	.	PR	GT	0/0
huE9E777	12	21222816	rs4149056	C	T	.	.	PR	GT	0/1
huE9EECA	12	21331549	rs4149056	C	T	.	.	PR	GT	0/1
huEAA57B	12	21222816	rs4149056	C	T	.	.	PR	GT	0/1
huEAE6C8	12	21331549	rs4149056	T	.	.	.	PR	GT	0/0
huEB7771	12	21331549	rs4149056	C	T	.	.	PR	GT	0/1
huEBD467	12	21222816	rs4149056	C	T	.	.	PR	GT	0/1
huEC25A2	12	21331549	rs4149056	T	.	.	.	PR	GT	0/0
huEC6EEC	12	21331549	rs4149056	C	T	.	.	PR	GT	0/1
huED0F40	12	21222816	rs4149056	C	T	.	.	PR	GT	0/1
huEDEA65	12	21331549	rs4149056	C	T	.	.	PR	GT	0/1
huEDF7DA	12	21222816	rs4149056	T	.	.	.	PR	GT	0/0
huEEBCF4	12	21331549	rs4149056	C	T	.	.	PR	GT	0/1
huEF066A	12	21331549	rs4149056	T	.	.	.	PR	GT	0/0
huEF956A	12	21331549	rs4149056	T	.	.	.	PR	GT	0/0
huEFD66A	12	21331549	rs4149056	C	T	.	.	PR	GT	0/1
huF06AD0	12	21222816	rs4149056	T	.	.	.	PR	GT	0/0
huF0B9DB	12	21331549	rs4149056	T	.	.	.	PR	GT	0/0
huF1C0BF	12	21331549	rs4149056	T	.	.	.	PR	GT	0/0
huF1D007	12	21331549	rs4149056	T	.	.	.	PR	GT	0/0
huF2750F	12	21331549	rs4149056	T	.	.	.	PR	GT	0/0
huF28685	12	21222816	rs4149056	T	.	.	.	PR	GT	0/0
huF2DA6F	12	21222816	rs4149056	T	.	.	.	PR	GT	0/0
huF421B2	12	21331549	rs4149056	T	.	.	.	PR	GT	0/0
huF4A676	12	21331549	rs4149056	T	.	.	.	PR	GT	0/0
huF64A5B	12	21222816	rs4149056	T	.	.	.	PR	GT	0/0
huF6CDC1	12	21222816	rs4149056	C	T	.	.	PR	GT	0/1
huF7E042	12	21222816	rs4149056	T	.	.	.	PR	GT	0/0
huF8AEC7	12	21331549	rs4149056	C	T	.	.	PR	GT	0/1
huF974A8	12	21331549	rs4149056	T	.	.	.	PR	GT	0/0
huF99A55	12	21331549	rs4149056	T	.	.	.	PR	GT	0/0
huF9E138	12	21222816	rs4149056	T	.	.	.	PR	GT	0/0
huF9E172	12	21331549	rs4149056	T	.	.	.	PR	GT	0/0
huFAA482	12	21331549	rs4149056	C	T	.	.	PR	GT	0/1
huFB4F9E	12	21331549	rs4149056	T	.	.	.	PR	GT	0/0
huFB87DF
huFC9066	12	21222816	rs4149056	T	.	.	.	PR	GT	0/0
huFD4AD3	12	21331549	rs4149056	C	T	.	.	PR	GT	0/1
huFD847C	12	21331549	rs4149056	C	T	.	.	PR	GT	0/1
huFE018E	12	21331549	rs4149056	T	.	.	.	PR	GT	0/0
huFE71F3	12	21331549	rs4149056	C	.	.	.	PR	GT	0/0
huFE9B93	12	21331549	rs4149056	T	.	.	.	PR	GT	0/0
huFEB4D6	12	21331549	rs4149056	T	.	.	.	PR	GT	0/0
huFF6AB4	12	21222816	rs4149056	C	T	.	.	PR	GT	0/1
huFFAD87	12	21222816	rs4149056	T	.	.	.	PR	GT	0/0
